lang_iso_code,concept_id,ortho_form,raw_ipa,next_step
hun,1,szem,sɛm,validate
hun,2,fül,fyl,validate
hun,3,orr,orː,validate
hun,4,száj,saːj,validate
hun,5,fog,foɡ,validate
hun,6,nyelv,ɲɛlv,validate
hun,7,ajak,ɒjɒk,validate
hun,8,orca,ort͡sɒ,validate
hun,9,arc,ɒrt͡s,validate
hun,10,homlok,homlok,validate
hun,11,haj,hɒj,validate
hun,12,bajusz,bɒjus,validate
hun,13,szakáll,sɒkaːlː,validate
hun,14,áll,aːlː,validate
hun,15,állkapocs,aːlːkɒpot͡ʃ,validate
hun,16,gége,ɡeːɡɛ,validate
hun,16,torok,torok,validate
hun,17,nyak,ɲɒk,validate
hun,18,tarkó,tɒrkoː,validate
hun,19,fő,føː,validate
hun,19,fej,fɛj,validate
hun,20,hát,haːt,validate
hun,21,has,hɒʃ,validate
hun,22,köldök,køldøk,validate
hun,23,mell,mɛlː,validate
hun,23,kebel,kɛbɛl,validate
hun,24,mell,mɛlː,validate
hun,25,váll,vaːlː,validate
hun,26,kar,kɒr,validate
hun,27,könyök,køɲøk,validate
hun,28,kéz,keːz,validate
hun,29,tenyér,tɛɲeːr,validate
hun,30,ujj,ujː,validate
hun,31,köröm,kørøm,validate
hun,32,köröm,kørøm,validate
hun,33,lábujj,laːbujː,validate
hun,34,láb,laːb,validate
hun,35,sarok,ʃɒrok,validate
hun,36,térd,teːrd,validate
hun,37,comb,t͡somb,validate
hun,38,láb,laːb,validate
hun,38,lábszár,laːbsaːr,validate
hun,39,test,tɛʃt,validate
hun,40,bőr,bøːr,validate
hun,41,vér,veːr,validate
hun,42,ér,eːr,validate
hun,43,ín,iːn,validate
hun,44,csont,t͡ʃont,validate
hun,45,agy,ɒɟ,validate
hun,45,agyvelő,ɒɟvɛløː,validate
hun,46,szív,siːv,validate
hun,47,gyomor,ɟomor,validate
hun,48,máj,maːj,validate
hun,49,lehelet,lɛhɛlɛt,validate
hun,49,lélegzet,leːlɛɡzɛt,validate
hun,50,éhség,eːhʃeːɡ,validate
hun,51,könny,køɲː,validate
hun,52,íz,iːz,validate
hun,53,szag,sɒɡ,validate
hun,54,álom,aːlom,validate
hun,54,alvás,ɒlvaːʃ,validate
hun,55,álom,aːlom,validate
hun,56,ég,eːɡ,validate
hun,56,menny,mɛɲː,validate
hun,57,nap,nɒp,validate
hun,58,hold,hold,validate
hun,59,csillag,t͡ʃilːɒɡ,validate
hun,60,levegő,lɛvɛɡøː,validate
hun,61,szél,seːl,validate
hun,62,hullám,hulːaːm,validate
hun,63,víz,viːz,validate
hun,64,kő,køː,validate
hun,65,föld,føld,validate
hun,65,talaj,tɒlɒj,validate
hun,66,föld,føld,validate
hun,67,por,por,validate
hun,68,füst,fyʃt,validate
hun,69,szikra,sikrɒ,validate
hun,70,tűz,tyːz,validate
hun,71,fény,feːɲ,validate
hun,72,árnyék,aːrɲeːk,validate
hun,73,idő,idøː,validate
hun,73,időjárás,idøːjaːraːʃ,validate
hun,74,köd,kød,validate
hun,75,felhő,fɛlhøː,validate
hun,76,eső,ɛʃøː,validate
hun,77,hó,hoː,validate
hun,78,jég,jeːɡ,validate
hun,79,fagy,fɒɟ,validate
hun,80,hideg,hidɛɡ,validate
hun,81,hő,høː,validate
hun,81,hőség,høːʃeːɡ,validate
hun,82,zúzmara,zuːzmɒrɒ,validate
hun,83,szivárvány,sivaːrvaːɲ,validate
hun,84,dörgés,dørɡeːʃ,validate
hun,84,mennydörgés,mɛɲːdørɡeːʃ,validate
hun,85,áramlat,aːrɒmlɒt,validate
hun,86,csepp,t͡ʃɛpː,validate
hun,87,hab,hɒb,validate
hun,87,tajték,tɒjteːk,validate
hun,88,piszok,pisok,validate
hun,89,tó,toː,validate
hun,90,mocsár,mot͡ʃaːr,validate
hun,91,láp,laːp,validate
hun,92,rét,reːt,validate
hun,92,mező,mɛzøː,validate
hun,93,erdő,ɛrdøː,validate
hun,94,domb,domb,validate
hun,95,magaslat,mɒɡɒʃlɒt,validate
hun,96,hegy,hɛɟ,validate
hun,97,csúcs,t͡ʃuːt͡ʃ,validate
hun,98,barlang,bɒrlɒnɡ,validate
hun,99,lejtő,lɛjtøː,validate
hun,100,forrás,forːaːʃ,validate
hun,101,patak,pɒtɒk,validate
hun,102,folyó,fojoː,validate
hun,103,part,pɒrt,validate
hun,104,tengerpart,tɛnɡɛrpɒrt,validate
hun,105,szárazföld,saːrɒzføld,validate
hun,106,tenger,tɛnɡɛr,validate
hun,107,öböl,øbøl,validate
hun,108,sziget,siɡɛt,validate
hun,109,virág,viraːɡ,validate
hun,110,fű,fyː,validate
hun,111,gyökér,ɟøkeːr,validate
hun,112,fa,fɒ,validate
hun,113,tő,tøː,validate
hun,113,törzs,tørʒ,validate
hun,114,kéreg,keːrɛɡ,validate
hun,115,ág,aːɡ,validate
hun,116,gally,ɡɒjː,validate
hun,117,levél,lɛveːl,validate
hun,118,nyír,ɲiːr,validate
hun,119,fenyő,fɛɲøː,validate
hun,120,fűz,fyːz,validate
hun,121,fenyő,fɛɲøː,validate
hun,122,szarv,sɒrv,validate
hun,123,toll,tolː,validate
hun,124,szőr,søːr,validate
hun,124,bunda,bundɒ,validate
hun,125,szárny,saːrɲ,validate
hun,126,köröm,kørøm,validate
hun,127,karom,kɒrom,validate
hun,128,farok,fɒrok,validate
hun,129,tojás,tojaːʃ,validate
hun,130,fészek,feːsɛk,validate
hun,131,odú,oduː,validate
hun,132,állat,aːlːɒt,validate
hun,133,nyáj,ɲaːj,validate
hun,133,csorda,t͡ʃordɒ,validate
hun,134,tehén,tɛheːn,validate
hun,135,bika,bikɒ,validate
hun,136,ló,loː,validate
hun,137,juh,juh,validate
hun,137,birka,birkɒ,validate
hun,138,sertés,ʃɛrteːʃ,validate
hun,139,eb,ɛb,validate
hun,139,kutya,kucɒ,validate
hun,140,macska,mɒt͡ʃkɒ,validate
hun,141,medve,mɛdvɛ,validate
hun,142,mókus,moːkuʃ,validate
hun,143,jávorszarvas,jaːvorsɒrvɒʃ,validate
hun,144,róka,roːkɒ,validate
hun,145,nyúl,ɲuːl,validate
hun,146,egér,ɛɡeːr,validate
hun,147,farkas,fɒrkɒʃ,validate
hun,148,madár,mɒdaːr,validate
hun,149,raj,rɒj,validate
hun,150,tyúk,cuːk,validate
hun,151,kakas,kɒkɒʃ,validate
hun,152,lúd,luːd,validate
hun,152,liba,libɒ,validate
hun,153,sas,ʃɒʃ,validate
hun,154,kacsa,kɒt͡ʃɒ,validate
hun,155,bagoly,bɒɡoj,validate
hun,156,daru,dɒru,validate
hun,157,varjú,vɒrjuː,validate
hun,158,kakukk,kɒkukː,validate
hun,159,hattyú,hɒcːuː,validate
hun,160,hal,hɒl,validate
hun,161,sügér,ʃyɡeːr,validate
hun,162,csuka,t͡ʃukɒ,validate
hun,163,kígyó,kiːɟoː,validate
hun,164,kukac,kukɒt͡s,validate
hun,165,pók,poːk,validate
hun,166,hangya,hɒnɟɒ,validate
hun,167,tetű,tɛtyː,validate
hun,168,szúnyog,suːɲoɡ,validate
hun,169,légy,leːɟ,validate
hun,170,lepke,lɛpkɛ,validate
hun,170,pillangó,pilːɒnɡoː,validate
hun,171,bogyó,boɟoː,validate
hun,172,alma,ɒlmɒ,validate
hun,173,gomba,ɡombɒ,validate
hun,174,hagyma,hɒɟmɒ,validate
hun,175,vetőmag,vɛtøːmɒɡ,validate
hun,176,mag,mɒɡ,validate
hun,176,szem,sɛm,validate
hun,177,széna,seːnɒ,validate
hun,178,héj,heːj,validate
hun,179,verem,vɛrɛm,validate
hun,180,csapda,t͡ʃɒpdɒ,validate
hun,181,tőr,tøːr,validate
hun,182,nyom,ɲom,validate
hun,183,hamu,hɒmu,validate
hun,184,sár,ʃaːr,validate
hun,184,piszok,pisok,validate
hun,185,vas,vɒʃ,validate
hun,186,arany,ɒrɒɲ,validate
hun,187,ezüst,ɛzyʃt,validate
hun,188,szén,seːn,validate
hun,189,üveg,yvɛɡ,validate
hun,190,agyag,ɒɟɒɡ,validate
hun,190,vályog,vaːjoɡ,validate
hun,191,homok,homok,validate
hun,192,ember,ɛmbɛr,validate
hun,193,úr,uːr,validate
hun,193,férfi,feːrfi,validate
hun,194,nő,nøː,validate
hun,194,asszony,ɒsːoɲ,validate
hun,195,gyerek,ɟɛrɛk,validate
hun,195,gyermek,ɟɛrmɛk,validate
hun,196,fiú,fiuː,validate
hun,197,lány,laːɲ,validate
hun,198,család,t͡ʃɒlaːd,validate
hun,199,nagyapa,nɒɟɒpɒ,validate
hun,200,nagyanya,nɒɟɒɲɒ,validate
hun,201,szülők,syløːk,validate
hun,202,apa,ɒpɒ,validate
hun,202,atya,ɒcɒ,validate
hun,203,anya,ɒɲɒ,validate
hun,204,fiú,fiuː,validate
hun,205,lány,laːɲ,validate
hun,206,fivér,fiveːr,validate
hun,206,testvér,tɛʃtveːr,validate
hun,207,nővér,nøːveːr,validate
hun,207,lánytestvér,laːɲtɛʃtveːr,validate
hun,208,nagybácsi,nɒɟbaːt͡ʃi,validate
hun,209,nagynéni,nɒɟneːni,validate
hun,210,férj,feːrj,validate
hun,211,feleség,fɛlɛʃeːɡ,validate
hun,212,öröm,ørøm,validate
hun,213,nevetés,nɛvɛteːʃ,validate
hun,213,hahotázás,hɒhotaːzaːʃ,validate
hun,214,boldogság,boldoɡʃaːɡ,validate
hun,215,bánat,baːnɒt,validate
hun,216,óhaj,oːhɒj,validate
hun,217,kedv,kɛdv,validate
hun,218,elme,ɛlmɛ,validate
hun,218,szellem,sɛlːɛm,validate
hun,219,gondolat,ɡondolɒt,validate
hun,220,emlékezet,ɛmleːkɛzɛt,validate
hun,221,ész,eːs,validate
hun,221,értelem,eːrtɛlɛm,validate
hun,222,értelem,eːrtɛlɛm,validate
hun,223,ok,ok,validate
hun,223,alap,ɒlɒp,validate
hun,224,igaz,iɡɒz,validate
hun,224,igazság,iɡɒʒaːɡ,validate
hun,225,beszélgetés,bɛseːlɡɛteːʃ,validate
hun,226,mese,mɛʃɛ,validate
hun,227,elbeszélés,ɛlbɛseːleːʃ,validate
hun,228,hír,hiːr,validate
hun,228,híradás,hiːrɒdaːʃ,validate
hun,229,újság,uːjʃaːɡ,validate
hun,230,név,neːv,validate
hun,231,rejtvény,rɛjtveːɲ,validate
hun,232,beszéd,bɛseːd,validate
hun,232,szónoklat,soːnoklɒt,validate
hun,233,nyelv,ɲɛlv,validate
hun,234,hang,hɒnɡ,validate
hun,235,szó,soː,validate
hun,236,jel,jɛl,validate
hun,237,kiáltás,kiaːltaːʃ,validate
hun,238,zaj,zɒj,validate
hun,239,hang,hɒnɡ,validate
hun,240,hang,hɒnɡ,validate
hun,241,dal,dɒl,validate
hun,241,ének,eːnɛk,validate
hun,242,csend,t͡ʃɛnd,validate
hun,242,nyugalom,ɲuɡɒlom,validate
hun,243,emberek,ɛmbɛrɛk,validate
hun,244,nép,neːp,validate
hun,245,dolog,doloɡ,validate
hun,246,vendég,vɛndeːɡ,validate
hun,247,ajándék,ɒjaːndeːk,validate
hun,248,játék,jaːteːk,validate
hun,249,társaság,taːrʃɒʃaːɡ,validate
hun,250,segítség,ʃɛɡiːtʃeːɡ,validate
hun,251,barát,bɒraːt,validate
hun,252,társ,taːrʃ,validate
hun,253,ügy,yɟ,validate
hun,254,szám,saːm,validate
hun,255,faj,fɒj,validate
hun,255,fajta,fɒjtɒ,validate
hun,256,darab,dɒrɒb,validate
hun,257,rész,reːs,validate
hun,258,fél,feːl,validate
hun,259,kör,kør,validate
hun,260,kereszt,kɛrɛst,validate
hun,261,vonal,vonɒl,validate
hun,262,vonás,vonaːʃ,validate
hun,263,köz,køz,validate
hun,264,távolság,taːvolʃaːɡ,validate
hun,265,táj,taːj,validate
hun,265,vidék,videːk,validate
hun,266,hely,hɛj,validate
hun,267,hely,hɛj,validate
hun,268,fél,feːl,validate
hun,268,oldal,oldɒl,validate
hun,269,közép,køzeːp,validate
hun,270,tárgy,taːrɟ,validate
hun,271,dolog,doloɡ,validate
hun,272,szél,seːl,validate
hun,272,perem,pɛrɛm,validate
hun,272,szegély,sɛɡeːj,validate
hun,273,él,eːl,validate
hun,274,sarok,ʃɒrok,validate
hun,274,szöglet,søɡlɛt,validate
hun,275,csúcs,t͡ʃuːt͡ʃ,validate
hun,276,vég,veːɡ,validate
hun,277,lyuk,juk,validate
hun,278,szög,søɡ,validate
hun,279,minta,mintɒ,validate
hun,280,nagyság,nɒɟʃaːɡ,validate
hun,281,hossz,hosː,validate
hun,281,hosszúság,hosːuːʃaːɡ,validate
hun,282,magasság,mɒɡɒʃːaːɡ,validate
hun,283,súly,ʃuːj,validate
hun,284,sokaság,ʃokɒʃaːɡ,validate
hun,284,mennyiség,mɛɲːiʃeːɡ,validate
hun,285,halom,hɒlom,validate
hun,286,sor,ʃor,validate
hun,287,csónak,t͡ʃoːnɒk,validate
hun,288,evező,ɛvɛzøː,validate
hun,289,szánkó,saːnkoː,validate
hun,290,sí,ʃiː,validate
hun,291,tábortűz,taːbortyːz,validate
hun,292,teher,tɛhɛr,validate
hun,293,járás,jaːraːʃ,validate
hun,294,lépés,leːpeːʃ,validate
hun,295,észak,eːsɒk,validate
hun,296,dél,deːl,validate
hun,297,nyugat,ɲuɡɒt,validate
hun,298,kelet,kɛlɛt,validate
hun,299,fa,fɒ,validate
hun,300,deszka,dɛskɒ,validate
hun,301,lap,lɒp,validate
hun,301,lemez,lɛmɛz,validate
hun,302,támasz,taːmɒs,validate
hun,302,támaszték,taːmɒsteːk,validate
hun,303,rúd,ruːd,validate
hun,303,pózna,poːznɒ,validate
hun,304,pálca,paːlt͡sɒ,validate
hun,305,bot,bot,validate
hun,306,cső,t͡ʃøː,validate
hun,307,ház,haːz,validate
hun,308,otthon,otːhon,validate
hun,309,kályha,kaːjhɒ,validate
hun,310,padló,pɒdloː,validate
hun,311,asztal,ɒstɒl,validate
hun,312,szék,seːk,validate
hun,313,bölcső,bølt͡ʃøː,validate
hun,314,ágy,aːɟ,validate
hun,315,polc,polt͡s,validate
hun,315,állvány,aːlːvaːɲ,validate
hun,316,láda,laːdɒ,validate
hun,317,ablak,ɒblɒk,validate
hun,318,ajtó,ɒjtoː,validate
hun,319,kapu,kɒpu,validate
hun,320,kerítés,kɛriːteːʃ,validate
hun,321,tető,tɛtøː,validate
hun,322,létra,leːtrɒ,validate
hun,323,seprű,ʃɛpryː,validate
hun,324,ásó,aːʃoː,validate
hun,325,lapát,lɒpaːt,validate
hun,326,villa,vilːɒ,validate
hun,327,kanál,kɒnaːl,validate
hun,328,kés,keːʃ,validate
hun,329,szeg,sɛɡ,validate
hun,330,háló,haːloː,validate
hun,331,kampó,kɒmpoː,validate
hun,332,nyél,ɲeːl,validate
hun,332,fogantyú,foɡɒncuː,validate
hun,333,zár,zaːr,validate
hun,334,kép,keːp,validate
hun,335,alak,ɒlɒk,validate
hun,336,bábu,baːbu,validate
hun,337,zacskó,zɒt͡ʃkoː,validate
hun,338,köteg,køtɛɡ,validate
hun,339,táska,taːʃkɒ,validate
hun,340,vödör,vødør,validate
hun,341,fedő,fɛdøː,validate
hun,341,fedél,fɛdeːl,validate
hun,342,edény,ɛdeːɲ,validate
hun,343,zsák,ʒaːk,validate
hun,344,csésze,t͡ʃeːsɛ,validate
hun,345,fazék,fɒzeːk,validate
hun,346,üst,yʃt,validate
hun,346,bogrács,boɡraːt͡ʃ,validate
hun,347,evés,ɛveːʃ,validate
hun,347,étkezés,eːtkɛzeːʃ,validate
hun,348,ennivaló,ɛnːivɒloː,validate
hun,349,étel,eːtɛl,validate
hun,350,hús,huːʃ,validate
hun,351,gabona,ɡɒbonɒ,validate
hun,352,pép,peːp,validate
hun,352,kása,kaːʃɒ,validate
hun,353,kenyér,kɛɲeːr,validate
hun,354,szelet,sɛlɛt,validate
hun,355,háj,haːj,validate
hun,355,zsír,ʒiːr,validate
hun,356,vaj,vɒj,validate
hun,357,olaj,olɒj,validate
hun,358,só,ʃoː,validate
hun,359,leves,lɛvɛʃ,validate
hun,360,méz,meːz,validate
hun,361,tej,tɛj,validate
hun,362,tea,tɛɒ,validate
hun,363,bőr,bøːr,validate
hun,364,gyapjú,ɟɒpjuː,validate
hun,365,szövet,søvɛt,validate
hun,366,tű,tyː,validate
hun,367,fonál,fonaːl,validate
hun,368,gomb,ɡomb,validate
hun,369,csomó,t͡ʃomoː,validate
hun,370,szín,siːn,validate
hun,370,festék,fɛʃteːk,validate
hun,371,ruha,ruhɒ,validate
hun,371,ruházat,ruhaːzɒt,validate
hun,372,ing,inɡ,validate
hun,373,gallér,ɡɒlːeːr,validate
hun,374,ujj,ujː,validate
hun,375,gatya,ɡɒcɒ,validate
hun,375,nadrág,nɒdraːɡ,validate
hun,376,öv,øv,validate
hun,377,sapka,ʃɒpkɒ,validate
hun,378,cipő,t͡sipøː,validate
hun,379,csizma,t͡ʃizmɒ,validate
hun,380,gyűrű,ɟyːryː,validate
hun,381,szalag,sɒlɒɡ,validate
hun,382,fésű,feːʃyː,validate
hun,383,tükör,tykør,validate
hun,384,szíj,siːj,validate
hun,385,zsinór,ʒinoːr,validate
hun,386,póráz,poːraːz,validate
hun,387,takaró,tɒkɒroː,validate
hun,388,párna,paːrnɒ,validate
hun,389,kendő,kɛndøː,validate
hun,390,törülköző,tørylkøzøː,validate
hun,391,erő,ɛrøː,validate
hun,392,erő,ɛrøː,validate
hun,392,erősség,ɛrøːʃːeːɡ,validate
hun,393,egészség,ɛɡeːsʃeːɡ,validate
hun,394,kór,koːr,validate
hun,394,betegség,bɛtɛɡʃeːɡ,validate
hun,395,fájdalom,faːjdɒlom,validate
hun,396,seb,ʃɛb,validate
hun,397,láz,laːz,validate
hun,398,orvosság,orvoʃːaːɡ,validate
hun,398,gyógyszer,ɟoːɟsɛr,validate
hun,399,híd,hiːd,validate
hun,400,kút,kuːt,validate
hun,401,legelő,lɛɡɛløː,validate
hun,402,ösvény,øʃveːɲ,validate
hun,403,út,uːt,validate
hun,404,út,uːt,validate
hun,405,falu,fɒlu,validate
hun,406,város,vaːroʃ,validate
hun,407,levél,lɛveːl,validate
hun,408,könyv,køɲv,validate
hun,409,betű,bɛtyː,validate
hun,410,újság,uːjʃaːɡ,validate
hun,410,hírlap,hiːrlɒp,validate
hun,411,élet,eːlɛt,validate
hun,412,halál,hɒlaːl,validate
hun,413,sír,ʃiːr,validate
hun,414,templom,tɛmplom,validate
hun,415,bűn,byːn,validate
hun,415,vétek,veːtɛk,validate
hun,416,isten,iʃtɛn,validate
hun,417,munkás,munkaːʃ,validate
hun,418,főnök,føːnøk,validate
hun,419,mester,mɛʃtɛr,validate
hun,420,orvos,orvoʃ,validate
hun,421,tanár,tɒnaːr,validate
hun,421,tanító,tɒniːtoː,validate
hun,422,pénz,peːnz,validate
hun,423,üzlet,yzlɛt,validate
hun,424,bolt,bolt,validate
hun,425,ár,aːr,validate
hun,426,áru,aːru,validate
hun,427,haszon,hɒson,validate
hun,428,gazdagság,ɡɒzdɒɡʃaːɡ,validate
hun,429,világ,vilaːɡ,validate
hun,430,ország,orsaːɡ,validate
hun,431,állam,aːlːɒm,validate
hun,432,király,kiraːj,validate
hun,433,hatalom,hɒtɒlom,validate
hun,434,határ,hɒtaːr,validate
hun,435,háború,haːboruː,validate
hun,436,ellenség,ɛlːɛnʃeːɡ,validate
hun,437,erőszak,ɛrøːsɒk,validate
hun,438,harc,hɒrt͡s,validate
hun,439,íj,iːj,validate
hun,440,nyíl,ɲiːl,validate
hun,441,puska,puʃkɒ,validate
hun,441,fegyver,fɛɟvɛr,validate
hun,442,hiba,hibɒ,validate
hun,443,hazugság,hɒzuɡʃaːɡ,validate
hun,444,kár,kaːr,validate
hun,445,csapás,t͡ʃɒpaːʃ,validate
hun,445,balszerencse,bɒlsɛrɛnt͡ʃɛ,validate
hun,446,bűn,byːn,validate
hun,447,kor,kor,validate
hun,448,vég,veːɡ,validate
hun,448,befejezés,bɛfɛjɛzeːʃ,validate
hun,449,idő,idøː,validate
hun,450,nap,nɒp,validate
hun,451,reggel,rɛɡːɛl,validate
hun,452,dél,deːl,validate
hun,453,este,ɛʃtɛ,validate
hun,454,éj,eːj,validate
hun,454,éjszaka,eːjsɒkɒ,validate
hun,455,hét,heːt,validate
hun,456,hó,hoː,validate
hun,456,hónap,hoːnɒp,validate
hun,457,év,eːv,validate
hun,458,tavasz,tɒvɒs,validate
hun,459,nyár,ɲaːr,validate
hun,460,ősz,øːs,validate
hun,461,tél,teːl,validate
hun,462,január,jɒnuaːr,validate
hun,463,február,fɛbruaːr,validate
hun,464,március,maːrt͡siuʃ,validate
hun,465,április,aːpriliʃ,validate
hun,466,május,maːjuʃ,validate
hun,467,június,juːniuʃ,validate
hun,468,július,juːliuʃ,validate
hun,469,augusztus,ɒuɡustuʃ,validate
hun,470,szeptember,sɛptɛmbɛr,validate
hun,471,október,oktoːbɛr,validate
hun,472,november,novɛmbɛr,validate
hun,473,december,dɛt͡sɛmbɛr,validate
hun,474,hétfő,heːtføː,validate
hun,475,kedd,kɛdː,validate
hun,476,szerda,sɛrdɒ,validate
hun,477,csütörtök,t͡ʃytørtøk,validate
hun,478,péntek,peːntɛk,validate
hun,479,szombat,sombɒt,validate
hun,480,vasárnap,vɒʃaːrnɒp,validate
hun,481,nagy,nɒɟ,validate
hun,482,pici,pit͡si,validate
hun,482,kicsi,kit͡ʃi,validate
hun,483,hosszú,hosːuː,validate
hun,484,rövid,røvid,validate
hun,485,széles,seːlɛʃ,validate
hun,486,keskeny,kɛʃkɛɲ,validate
hun,487,sűrű,ʃyːryː,validate
hun,488,vastag,vɒʃtɒɡ,validate
hun,489,vékony,veːkoɲ,validate
hun,490,vékony,veːkoɲ,validate
hun,491,szilárd,silaːrd,validate
hun,492,sík,ʃiːk,validate
hun,492,lapos,lɒpoʃ,validate
hun,493,sima,ʃimɒ,validate
hun,494,kemény,kɛmeːɲ,validate
hun,495,puha,puhɒ,validate
hun,496,kerek,kɛrɛk,validate
hun,497,hegyes,hɛɟɛʃ,validate
hun,498,éles,eːlɛʃ,validate
hun,499,tompa,tompɒ,validate
hun,499,életlen,eːlɛtlɛn,validate
hun,500,nehéz,nɛheːz,validate
hun,500,súlyos,ʃuːjoʃ,validate
hun,501,szép,seːp,validate
hun,502,forró,forːoː,validate
hun,503,meleg,mɛlɛɡ,validate
hun,504,hideg,hidɛɡ,validate
hun,505,hűs,hyːʃ,validate
hun,505,hűvös,hyːvøʃ,validate
hun,506,üde,ydɛ,validate
hun,506,friss,friʃː,validate
hun,507,nedves,nɛdvɛʃ,validate
hun,508,vizes,vizɛʃ,validate
hun,509,száraz,saːrɒz,validate
hun,510,telt,tɛlt,validate
hun,511,üres,yrɛʃ,validate
hun,512,nyílt,ɲiːlt,validate
hun,512,nyitott,ɲitotː,validate
hun,513,zárt,zaːrt,validate
hun,513,csukott,t͡ʃukotː,validate
hun,514,tiszta,tistɒ,validate
hun,515,piszkos,piskoʃ,validate
hun,515,szennyes,sɛɲːɛʃ,validate
hun,516,nyers,ɲɛrʃ,validate
hun,517,érett,eːrɛtː,validate
hun,518,finom,finom,validate
hun,519,édes,eːdɛʃ,validate
hun,520,keserű,kɛʃɛryː,validate
hun,521,savanyú,ʃɒvɒɲuː,validate
hun,522,világos,vilaːɡoʃ,validate
hun,523,sötét,ʃøteːt,validate
hun,524,fekete,fɛkɛtɛ,validate
hun,525,fehér,fɛheːr,validate
hun,526,vörös,vørøʃ,validate
hun,527,sárga,ʃaːrɡɒ,validate
hun,528,kék,keːk,validate
hun,529,zöld,zøld,validate
hun,530,ősz,øːs,validate
hun,530,szürke,syrkɛ,validate
hun,531,tarka,tɒrkɒ,validate
hun,531,színes,siːnɛʃ,validate
hun,532,olcsó,olt͡ʃoː,validate
hun,533,drága,draːɡɒ,validate
hun,534,értékes,eːrteːkɛʃ,validate
hun,535,vak,vɒk,validate
hun,536,süket,ʃykɛt,validate
hun,537,erős,ɛrøːʃ,validate
hun,538,erős,ɛrøːʃ,validate
hun,539,gyenge,ɟɛnɡɛ,validate
hun,539,erőtlen,ɛrøːtlɛn,validate
hun,540,hájas,haːjɒʃ,validate
hun,541,karcsú,kɒrt͡ʃuː,validate
hun,542,csinos,t͡ʃinoʃ,validate
hun,543,rossz,rosː,validate
hun,543,gonosz,ɡonos,validate
hun,544,buta,butɒ,validate
hun,544,ostoba,oʃtobɒ,validate
hun,545,lusta,luʃtɒ,validate
hun,546,szorgalmas,sorɡɒlmɒʃ,validate
hun,547,fukar,fukɒr,validate
hun,547,fösvény,føʃveːɲ,validate
hun,548,okos,okoʃ,validate
hun,548,eszes,ɛsɛʃ,validate
hun,549,ügyes,yɟɛʃ,validate
hun,550,drága,draːɡɒ,validate
hun,550,kedves,kɛdvɛʃ,validate
hun,551,víg,viːɡ,validate
hun,551,vidám,vidaːm,validate
hun,552,enyhe,ɛɲhɛ,validate
hun,553,éhes,eːhɛʃ,validate
hun,554,beteg,bɛtɛɡ,validate
hun,555,csupasz,t͡ʃupɒs,validate
hun,555,meztelen,mɛztɛlɛn,validate
hun,556,bús,buːʃ,validate
hun,556,szomorú,somoruː,validate
hun,557,élő,eːløː,validate
hun,558,jó,joː,validate
hun,559,rossz,rosː,validate
hun,560,helyes,hɛjɛʃ,validate
hun,561,rossz,rosː,validate
hun,562,igaz,iɡɒz,validate
hun,563,ó,oː,validate
hun,563,régi,reːɡi,validate
hun,564,új,uːj,validate
hun,565,volt,volt,validate
hun,565,egykori,ɛɟkori,validate
hun,566,öreg,ørɛɡ,validate
hun,567,fiatal,fiɒtɒl,validate
hun,568,szegény,sɛɡeːɲ,validate
hun,569,gazdag,ɡɒzdɒɡ,validate
hun,570,ismert,iʃmɛrt,validate
hun,570,ismeretes,iʃmɛrɛtɛʃ,validate
hun,571,híres,hiːrɛʃ,validate
hun,572,idegen,idɛɡɛn,validate
hun,573,különböző,kylønbøzøː,validate
hun,574,közeli,køzɛli,validate
hun,575,távoli,taːvoli,validate
hun,576,bal,bɒl,validate
hun,577,jobb,jobː,validate
hun,578,más,maːʃ,validate
hun,578,másik,maːʃik,validate
hun,579,első,ɛlʃøː,validate
hun,580,második,maːʃodik,validate
hun,581,harmadik,hɒrmɒdik,validate
hun,582,utolsó,utolʃoː,validate
hun,583,egyedül,ɛɟɛdyl,validate
hun,584,egyszerre,ɛɟsɛrːɛ,validate
hun,585,együtt,ɛɟytː,validate
hun,585,összesen,øsːɛʃɛn,validate
hun,586,sokáig,ʃokaːiɡ,validate
hun,586,hosszan,hosːɒn,validate
hun,587,hirtelen,hirtɛlɛn,validate
hun,587,egyszerre,ɛɟsɛrːɛ,validate
hun,588,rögtön,røɡtøn,validate
hun,588,tüstént,tyʃteːnt,validate
hun,589,későn,keːʃøːn,validate
hun,590,most,moʃt,validate
hun,591,ma,mɒ,validate
hun,592,holnap,holnɒp,validate
hun,593,majd,mɒjd,validate
hun,593,nemsokára,nɛmʃokaːrɒ,validate
hun,594,akkor,ɒkːor,validate
hun,595,tegnap,tɛɡnɒp,validate
hun,596,hajdan,hɒjdɒn,validate
hun,597,akkor,ɒkːor,validate
hun,597,akkoriban,ɒkːoribɒn,validate
hun,598,azután,ɒzutaːn,validate
hun,599,előbb,ɛløːbː,validate
hun,600,először,ɛløːsør,validate
hun,601,egyszer,ɛɟsɛr,validate
hun,602,néha,neːhɒ,validate
hun,602,olykor,ojkor,validate
hun,603,sokszor,ʃoksor,validate
hun,604,mindig,mindiɡ,validate
hun,605,sohasem,ʃohɒʃɛm,validate
hun,606,itt,itː,validate
hun,607,erre,ɛrːɛ,validate
hun,608,innen,inːɛn,validate
hun,609,ott,otː,validate
hun,610,oda,odɒ,validate
hun,611,egyenesen,ɛɟɛnɛʃɛn,validate
hun,612,előre,ɛløːrɛ,validate
hun,613,hátrafelé,haːtrɒfɛleː,validate
hun,614,hátra,haːtrɒ,validate
hun,614,vissza,visːɒ,validate
hun,615,alul,ɒlul,validate
hun,616,le,lɛ,validate
hun,616,lefelé,lɛfɛleː,validate
hun,617,fenn,fɛnː,validate
hun,617,felül,fɛlyl,validate
hun,618,fel,fɛl,validate
hun,618,felfelé,fɛlfɛleː,validate
hun,619,mindenütt,mindɛnytː,validate
hun,620,nem,nɛm,validate
hun,621,egy kicsit,ɛɟ kit͡ʃit,validate
hun,622,alig,ɒliɡ,validate
hun,623,nagyon,nɒɟon,validate
hun,624,úgy,uːɟ,validate
hun,625,még,meːɡ,validate
hun,626,csak,t͡ʃɒk,validate
hun,626,csupán,t͡ʃupaːn,validate
hun,627,már,maːr,validate
hun,628,ismét,iʃmeːt,validate
hun,628,megint,mɛɡint,validate
hun,629,hiába,hiaːbɒ,validate
hun,630,előtt,ɛløːtː,validate
hun,631,mögött,møɡøtː,validate
hun,632,alatt,ɒlɒtː,validate
hun,633,át,aːt,validate
hun,633,keresztül,kɛrɛstyl,validate
hun,634,mellett,mɛlːɛtː,validate
hun,635,között,køzøtː,validate
hun,636,miatt,miɒtː,validate
hun,636,végett,veːɡɛtː,validate
hun,637,ez,ɛz,validate
hun,638,az,ɒz,validate
hun,639,minden,mindɛn,validate
hun,640,én,eːn,validate
hun,641,te,tɛ,validate
hun,642,ő,øː,validate
hun,643,mi,mi,validate
hun,644,ti,ti,validate
hun,645,ők,øːk,validate
hun,646,mi,mi,validate
hun,647,ki,ki,validate
hun,648,hol,hol,validate
hun,649,hova,hovɒ,validate
hun,650,hogy,hoɟ,validate
hun,650,hogyan,hoɟɒn,validate
hun,651,miért,mieːrt,validate
hun,652,hány,haːɲ,validate
hun,652,mennyi,mɛɲːi,validate
hun,653,egy,ɛɟ,validate
hun,654,kettő,kɛtːøː,validate
hun,655,három,haːrom,validate
hun,656,négy,neːɟ,validate
hun,657,öt,øt,validate
hun,658,hat,hɒt,validate
hun,659,hét,heːt,validate
hun,660,nyolc,ɲolt͡s,validate
hun,661,kilenc,kilɛnt͡s,validate
hun,662,tíz,tiːz,validate
hun,663,tizenegy,tizɛnɛɟ,validate
hun,664,tizenkettő,tizɛnkɛtːøː,validate
hun,665,húsz,huːs,validate
hun,666,harminc,hɒrmint͡s,validate
hun,667,negyven,nɛɟvɛn,validate
hun,668,ötven,øtvɛn,validate
hun,669,hatvan,hɒtvɒn,validate
hun,670,hetven,hɛtvɛn,validate
hun,671,nyolcvan,ɲolt͡svɒn,validate
hun,672,kilencven,kilɛnt͡svɛn,validate
hun,673,száz,saːz,validate
hun,674,ezer,ɛzɛr,validate
hun,675,és,eːʃ,validate
hun,675,meg,mɛɡ,validate
hun,676,vagy,vɒɟ,validate
hun,677,áll,aːlː,validate
hun,678,ül,yl,validate
hun,679,fekszik,fɛksik,validate
hun,680,függ,fyɡː,validate
hun,681,lesz,lɛs,validate
hun,682,történik,tørteːnik,validate
hun,683,kezdődik,kɛzdøːdik,validate
hun,684,végződik,veːɡzøːdik,validate
hun,684,befejeződik,bɛfɛjɛzøːdik,validate
hun,685,változik,vaːltozik,validate
hun,686,kel,kɛl,validate
hun,687,lemegy,lɛmɛɟ,validate
hun,688,süt,ʃyt,validate
hun,689,dörög,dørøɡ,validate
hun,690,fúj,fuːj,validate
hun,691,áramlik,aːrɒmlik,validate
hun,692,folyik,fojik,validate
hun,693,forog,foroɡ,validate
hun,694,inog,inoɡ,validate
hun,694,ingadozik,inɡɒdozik,validate
hun,695,leng,lɛnɡ,validate
hun,696,esik,ɛʃik,validate
hun,697,ég,eːɡ,validate
hun,698,füstöl,fyʃtøl,validate
hun,699,esik,ɛʃik,validate
hun,700,megfagy,mɛɡfɒɟ,validate
hun,701,olvad,olvɒd,validate
hun,702,olvad,olvɒd,validate
hun,702,elolvad,ɛlolvɒd,validate
hun,703,szárad,saːrɒd,validate
hun,704,forr,forː,validate
hun,705,rothad,rothɒd,validate
hun,706,elrothad,ɛlrothɒd,validate
hun,706,megrothad,mɛɡrothɒd,validate
hun,707,szakad,sɒkɒd,validate
hun,708,süllyed,ʃyjːɛd,validate
hun,708,elsüllyed,ɛlʃyjːɛd,validate
hun,709,múlik,muːlik,validate
hun,709,elmúlik,ɛlmuːlik,validate
hun,710,feltűnik,fɛltyːnik,validate
hun,710,megjelenik,mɛɡjɛlɛnik,validate
hun,711,letűnik,lɛtyːnik,validate
hun,712,süllyed,ʃyjːɛd,validate
hun,713,apad,ɒpɒd,validate
hun,713,csökken,t͡ʃøkːɛn,validate
hun,714,növekszik,nøvɛksik,validate
hun,714,gyarapszik,ɟɒrɒpsik,validate
hun,715,emelkedik,ɛmɛlkɛdik,validate
hun,716,nő,nøː,validate
hun,716,terem,tɛrɛm,validate
hun,716,növekszik,nøvɛksik,validate
hun,717,ragyog,rɒɟoɡ,validate
hun,717,fénylik,feːɲlik,validate
hun,718,csillog,t͡ʃilːoɡ,validate
hun,718,tündöklik,tyndøklik,validate
hun,719,lármázik,laːrmaːzik,validate
hun,720,cseng,t͡ʃɛnɡ,validate
hun,721,csenget,t͡ʃɛnɡɛt,validate
hun,722,csörömpöl,t͡ʃørømpøl,validate
hun,723,zúg,zuːɡ,validate
hun,723,morajlik,morɒjlik,validate
hun,724,zúg,zuːɡ,validate
hun,725,hangzik,hɒnɡzik,validate
hun,726,ugat,uɡɒt,validate
hun,727,bőg,bøːɡ,validate
hun,727,üvölt,yvølt,validate
hun,728,fúj,fuːj,validate
hun,729,fütyül,fycyl,validate
hun,730,kiált,kiaːlt,validate
hun,730,kiabál,kiɒbaːl,validate
hun,731,nyög,ɲøɡ,validate
hun,732,remeg,rɛmɛɡ,validate
hun,732,reszket,rɛskɛt,validate
hun,733,él,eːl,validate
hun,734,születik,sylɛtik,validate
hun,735,lélegzik,leːlɛɡzik,validate
hun,736,iszik,isik,validate
hun,737,eszik,ɛsik,validate
hun,738,nyel,ɲɛl,validate
hun,739,elfárad,ɛlfaːrɒd,validate
hun,739,kifárad,kifaːrɒd,validate
hun,740,elalszik,ɛlɒlsik,validate
hun,741,alszik,ɒlsik,validate
hun,742,felébred,fɛleːbrɛd,validate
hun,743,felkel,fɛlkɛl,validate
hun,744,pihen,pihɛn,validate
hun,745,megbetegedik,mɛɡbɛtɛɡɛdik,validate
hun,745,belebetegszik,bɛlɛbɛtɛɡsik,validate
hun,746,betegeskedik,bɛtɛɡɛʃkɛdik,validate
hun,747,fáj,faːj,validate
hun,748,köhög,køhøɡ,validate
hun,749,meggyógyul,mɛɟːoːɟul,validate
hun,750,hal,hɒl,validate
hun,751,elpusztul,ɛlpustul,validate
hun,752,mozog,mozoɡ,validate
hun,753,mozdul,mozdul,validate
hun,754,feláll,fɛlaːlː,validate
hun,754,felemelkedik,fɛlɛmɛlkɛdik,validate
hun,755,ül,yl,validate
hun,755,leül,lɛyl,validate
hun,756,bukik,bukik,validate
hun,756,elesik,ɛlɛʃik,validate
hun,757,jár,jaːr,validate
hun,758,lép,leːp,validate
hun,759,sétál,ʃeːtaːl,validate
hun,760,siet,ʃiɛt,validate
hun,761,siet,ʃiɛt,validate
hun,762,robog,roboɡ,validate
hun,763,fut,fut,validate
hun,763,szalad,sɒlɒd,validate
hun,764,ugrik,uɡrik,validate
hun,765,kúszik,kuːsik,validate
hun,766,hintázik,hintaːzik,validate
hun,767,kúszik,kuːsik,validate
hun,768,úszik,uːsik,validate
hun,769,merül,mɛryl,validate
hun,770,evez,ɛvɛz,validate
hun,771,jár,jaːr,validate
hun,771,megy,mɛɟ,validate
hun,771,utazik,utɒzik,validate
hun,772,száll,saːlː,validate
hun,773,megy,mɛɟ,validate
hun,774,elmegy,ɛlmɛɟ,validate
hun,775,indul,indul,validate
hun,776,megáll,mɛɡaːlː,validate
hun,777,bemegy,bɛmɛɟ,validate
hun,778,belép,bɛleːp,validate
hun,779,jön,jøn,validate
hun,780,érkezik,eːrkɛzik,validate
hun,780,megérkezik,mɛɡeːrkɛzik,validate
hun,781,visszajön,visːɒjøn,validate
hun,782,marad,mɒrɒd,validate
hun,782,megmarad,mɛɡmɒrɒd,validate
hun,783,vár,vaːr,validate
hun,783,várakozik,vaːrɒkozik,validate
hun,784,vár,vaːr,validate
hun,784,megvár,mɛɡvaːr,validate
hun,785,kutat,kutɒt,validate
hun,786,talál,tɒlaːl,validate
hun,787,megpróbál,mɛɡproːbaːl,validate
hun,787,megkísérel,mɛɡkiːʃeːrɛl,validate
hun,788,előkészít,ɛløːkeːsiːt,validate
hun,789,szeret,sɛrɛt,validate
hun,790,szeret,sɛrɛt,validate
hun,791,nevet,nɛvɛt,validate
hun,792,mozdít,mozdiːt,validate
hun,793,sír,ʃiːr,validate
hun,794,szid,sid,validate
hun,794,szitkozódik,sitkozoːdik,validate
hun,795,mérgelődik,meːrɡɛløːdik,validate
hun,795,bosszankodik,bosːɒnkodik,validate
hun,796,fél,feːl,validate
hun,796,retteg,rɛtːɛɡ,validate
hun,797,fél,feːl,validate
hun,798,menekül,mɛnɛkyl,validate
hun,799,elmenekül,ɛlmɛnɛkyl,validate
hun,800,néz,neːz,validate
hun,801,megnéz,mɛɡneːz,validate
hun,802,néz,neːz,validate
hun,802,ránéz,raːneːz,validate
hun,802,megnéz,mɛɡneːz,validate
hun,803,hall,hɒlː,validate
hun,804,hallgat,hɒlːɡɒt,validate
hun,804,meghallgat,mɛɡhɒlːɡɒt,validate
hun,805,kóstol,koːʃtol,validate
hun,805,megkóstol,mɛɡkoːʃtol,validate
hun,806,szagol,sɒɡol,validate
hun,807,érez,eːrɛz,validate
hun,808,tűnik,tyːnik,validate
hun,808,látszik,laːtsik,validate
hun,809,mutatkozik,mutɒtkozik,validate
hun,810,hall,hɒlː,validate
hun,811,fázik,faːzik,validate
hun,812,csinál,t͡ʃinaːl,validate
hun,812,cselekszik,t͡ʃɛlɛksik,validate
hun,813,tud,tud,validate
hun,814,akar,ɒkɒr,validate
hun,815,kezd,kɛzd,validate
hun,816,befejez,bɛfɛjɛz,validate
hun,817,megszűnik,mɛɡsyːnik,validate
hun,818,sikerül,ʃikɛryl,validate
hun,819,kerül,kɛryl,validate
hun,819,jut,jut,validate
hun,820,nyit,ɲit,validate
hun,820,kinyit,kiɲit,validate
hun,821,csuk,t͡ʃuk,validate
hun,821,becsuk,bɛt͡ʃuk,validate
hun,822,állít,aːlːiːt,validate
hun,822,helyez,hɛjɛz,validate
hun,823,ültet,yltɛt,validate
hun,823,helyez,hɛjɛz,validate
hun,824,tesz,tɛs,validate
hun,824,fektet,fɛktɛt,validate
hun,825,érint,eːrint,validate
hun,826,beköt,bɛkøt,validate
hun,826,összeköt,øsːɛkøt,validate
hun,827,betakar,bɛtɒkɒr,validate
hun,827,beborít,bɛboriːt,validate
hun,828,felakaszt,fɛlɒkɒst,validate
hun,829,gyújt,ɟuːjt,validate
hun,829,meggyújt,mɛɟːuːjt,validate
hun,830,felemel,fɛlɛmɛl,validate
hun,831,hátrahagy,haːtrɒhɒɟ,validate
hun,832,veszít,vɛsiːt,validate
hun,832,elveszít,ɛlvɛsiːt,validate
hun,833,elejt,ɛlɛjt,validate
hun,834,tesz,tɛs,validate
hun,834,csinál,t͡ʃinaːl,validate
hun,835,gyárt,ɟaːrt,validate
hun,835,előállít,ɛløːaːlːiːt,validate
hun,836,épít,eːpiːt,validate
hun,837,javít,jɒviːt,validate
hun,837,kijavít,kijɒviːt,validate
hun,837,megjavít,mɛɡjɒviːt,validate
hun,838,megjavít,mɛɡjɒviːt,validate
hun,839,változtat,vaːltoztɒt,validate
hun,839,megváltoztat,mɛɡvaːltoztɒt,validate
hun,840,ás,aːʃ,validate
hun,841,meghajt,mɛɡhɒjt,validate
hun,842,hajlít,hɒjliːt,validate
hun,843,forgat,forɡɒt,validate
hun,844,fordít,fordiːt,validate
hun,844,megfordít,mɛɡfordiːt,validate
hun,845,megfordít,mɛɡfordiːt,validate
hun,845,megforgat,mɛɡforɡɒt,validate
hun,846,emel,ɛmɛl,validate
hun,847,felemel,fɛlɛmɛl,validate
hun,848,megfog,mɛɡfoɡ,validate
hun,849,tart,tɒrt,validate
hun,850,nyom,ɲom,validate
hun,850,megnyom,mɛɡɲom,validate
hun,851,tol,tol,validate
hun,852,vakar,vɒkɒr,validate
hun,853,nyal,ɲɒl,validate
hun,854,harap,hɒrɒp,validate
hun,855,letép,lɛteːp,validate
hun,856,levág,lɛvaːɡ,validate
hun,857,köt,køt,validate
hun,857,kötöz,køtøz,validate
hun,858,dug,duɡ,validate
hun,859,tör,tør,validate
hun,859,eltör,ɛltør,validate
hun,860,kopogtat,kopoɡtɒt,validate
hun,861,vág,vaːɡ,validate
hun,861,levág,lɛvaːɡ,validate
hun,862,tapaszt,tɒpɒst,validate
hun,863,dörzsöl,dørʒøl,validate
hun,863,súrol,ʃuːrol,validate
hun,864,simít,ʃimiːt,validate
hun,865,fen,fɛn,validate
hun,865,csiszol,t͡ʃisol,validate
hun,865,köszörül,køsøryl,validate
hun,866,vág,vaːɡ,validate
hun,866,szel,sɛl,validate
hun,866,metsz,mɛts,validate
hun,867,ráz,raːz,validate
hun,868,ráz,raːz,validate
hun,868,megráz,mɛɡraːz,validate
hun,869,lóbál,loːbaːl,validate
hun,869,lobogtat,loboɡtɒt,validate
hun,870,önt,ønt,validate
hun,871,tölt,tølt,validate
hun,871,megtölt,mɛɡtølt,validate
hun,872,becsavar,bɛt͡ʃɒvɒr,validate
hun,873,hord,hord,validate
hun,874,vonszol,vonsol,validate
hun,875,húz,huːz,validate
hun,876,megőriz,mɛɡøːriz,validate
hun,877,dob,dob,validate
hun,877,hajít,hɒjiːt,validate
hun,878,fog,foɡ,validate
hun,879,megragad,mɛɡrɒɡɒd,validate
hun,880,eldug,ɛlduɡ,validate
hun,880,elrejt,ɛlrɛjt,validate
hun,881,oszt,ost,validate
hun,881,megoszt,mɛɡost,validate
hun,882,küld,kyld,validate
hun,883,hoz,hoz,validate
hun,883,visz,vis,validate
hun,884,hozzáad,hozːaːɒd,validate
hun,885,kap,kɒp,validate
hun,885,megkap,mɛɡkɒp,validate
hun,886,kap,kɒp,validate
hun,886,megkap,mɛɡkɒp,validate
hun,887,vesz,vɛs,validate
hun,888,választ,vaːlɒst,validate
hun,889,kiválaszt,kivaːlɒst,validate
hun,890,megtart,mɛɡtɒrt,validate
hun,891,akadályoz,ɒkɒdaːjoz,validate
hun,891,gátol,ɡaːtol,validate
hun,892,elront,ɛlront,validate
hun,893,rongál,ronɡaːl,validate
hun,894,eltör,ɛltør,validate
hun,894,széttör,seːtːør,validate
hun,894,kettétör,kɛtːeːtør,validate
hun,895,eltép,ɛlteːp,validate
hun,895,széttép,seːtːeːp,validate
hun,896,elpusztít,ɛlpustiːt,validate
hun,897,éget,eːɡɛt,validate
hun,897,eléget,ɛleːɡɛt,validate
hun,898,ad,ɒd,validate
hun,899,nyújt,ɲuːjt,validate
hun,900,ajándékoz,ɒjaːndeːkoz,validate
hun,901,ígér,iːɡeːr,validate
hun,902,kíván,kiːvaːn,validate
hun,903,dicsér,dit͡ʃeːr,validate
hun,904,csókol,t͡ʃoːkol,validate
hun,905,ringat,rinɡɒt,validate
hun,906,betakar,bɛtɒkɒr,validate
hun,907,kelt,kɛlt,validate
hun,907,ébreszt,eːbrɛst,validate
hun,908,mutat,mutɒt,validate
hun,909,visz,vis,validate
hun,909,vezet,vɛzɛt,validate
hun,910,tanít,tɒniːt,validate
hun,911,tanít,tɒniːt,validate
hun,912,felnevel,fɛlnɛvɛl,validate
hun,913,vezet,vɛzɛt,validate
hun,913,vezérel,vɛzeːrɛl,validate
hun,914,hajt,hɒjt,validate
hun,915,-tat,-tɒt,validate
hun,915,-at,-ɒt,validate
hun,916,meghív,mɛɡhiːv,validate
hun,917,egyesít,ɛɟɛʃiːt,validate
hun,918,látogat,laːtoɡɒt,validate
hun,919,talál,tɒlaːl,validate
hun,920,gyülekezik,ɟylɛkɛzik,validate
hun,920,összegyűlik,øsːɛɟyːlik,validate
hun,921,játszik,jaːtsik,validate
hun,922,énekel,eːnɛkɛl,validate
hun,923,táncol,taːnt͡sol,validate
hun,924,elválik,ɛlvaːlik,validate
hun,925,elhagy,ɛlhɒɟ,validate
hun,926,ment,mɛnt,validate
hun,927,őriz,øːriz,validate
hun,928,óv,oːv,validate
hun,928,véd,veːd,validate
hun,929,véd,veːd,validate
hun,930,verekszik,vɛrɛksik,validate
hun,931,lő,løː,validate
hun,932,győz,ɟøːz,validate
hun,933,bosszant,bosːɒnt,validate
hun,934,üt,yt,validate
hun,934,ver,vɛr,validate
hun,935,rúg,ruːɡ,validate
hun,936,döf,døf,validate
hun,936,szúr,suːr,validate
hun,937,lök,løk,validate
hun,938,lop,lop,validate
hun,939,zavar,zɒvɒr,validate
hun,940,zaklat,zɒklɒt,validate
hun,941,rejt,rɛjt,validate
hun,941,elrejt,ɛlrɛjt,validate
hun,942,megtéveszt,mɛɡteːvɛst,validate
hun,943,csal,t͡ʃɒl,validate
hun,944,öl,øl,validate
hun,945,lakik,lɒkik,validate
hun,946,dolgozik,dolɡozik,validate
hun,947,szed,sɛd,validate
hun,947,gyűjt,ɟyːjt,validate
hun,948,szed,sɛd,validate
hun,949,vadászik,vɒdaːsik,validate
hun,950,halászik,hɒlaːsik,validate
hun,951,fog,foɡ,validate
hun,952,őriz,øːriz,validate
hun,952,legeltet,lɛɡɛltɛt,validate
hun,953,hajt,hɒjt,validate
hun,954,köt,køt,validate
hun,955,etet,ɛtɛt,validate
hun,956,fej,fɛj,validate
hun,957,vág,vaːɡ,validate
hun,958,öntöz,øntøz,validate
hun,959,érik,eːrik,validate
hun,960,elkészít,ɛlkeːsiːt,validate
hun,961,főz,føːz,validate
hun,962,süt,ʃyt,validate
hun,963,süt,ʃyt,validate
hun,964,megkever,mɛɡkɛvɛr,validate
hun,965,köt,køt,validate
hun,966,varr,vɒrː,validate
hun,967,fest,fɛʃt,validate
hun,968,tisztít,tistiːt,validate
hun,969,mos,moʃ,validate
hun,970,letöröl,lɛtørøl,validate
hun,971,mosogat,moʃoɡɒt,validate
hun,972,söpör,ʃøpør,validate
hun,973,söpör,ʃøpør,validate
hun,974,fürdik,fyrdik,validate
hun,975,mosdik,moʃdik,validate
hun,975,mosakszik,moʃɒksik,validate
hun,976,levesz,lɛvɛs,validate
hun,977,felölt,fɛlølt,validate
hun,977,felvesz,fɛlvɛs,validate
hun,978,öltözik,øltøzik,validate
hun,978,felöltözik,fɛløltøzik,validate
hun,979,fésül,feːʃyl,validate
hun,980,díszít,diːsiːt,validate
hun,981,mond,mond,validate
hun,982,beszél,bɛseːl,validate
hun,983,beszél,bɛseːl,validate
hun,984,beszélget,bɛseːlɡɛt,validate
hun,985,kérdez,keːrdɛz,validate
hun,986,kér,keːr,validate
hun,987,mesél,mɛʃeːl,validate
hun,987,elbeszél,ɛlbɛseːl,validate
hun,988,közöl,køzøl,validate
hun,989,hív,hiːv,validate
hun,989,nevez,nɛvɛz,validate
hun,990,hív,hiːv,validate
hun,991,dicsekszik,dit͡ʃɛksik,validate
hun,992,fordít,fordiːt,validate
hun,993,gondol,ɡondol,validate
hun,994,hisz,his,validate
hun,995,észrevesz,eːsrɛvɛs,validate
hun,996,ráismer,raːiʃmɛr,validate
hun,996,felismer,fɛliʃmɛr,validate
hun,997,felfog,fɛlfoɡ,validate
hun,998,ért,eːrt,validate
hun,998,megért,mɛɡeːrt,validate
hun,999,tanul,tɒnul,validate
hun,999,megtanul,mɛɡtɒnul,validate
hun,1000,tud,tud,validate
hun,1001,emlékszik,ɛmleːksik,validate
hun,1002,felejt,fɛlɛjt,validate
hun,1002,elfelejt,ɛlfɛlɛjt,validate
hun,1003,mér,meːr,validate
hun,1003,megmér,mɛɡmeːr,validate
hun,1004,számol,saːmol,validate
hun,1004,megszámol,mɛɡsaːmol,validate
hun,1005,számít,saːmiːt,validate
hun,1006,olvas,olvɒʃ,validate
hun,1007,fest,fɛʃt,validate
hun,1008,rajzol,rɒjzol,validate
hun,1009,ír,iːr,validate
hun,1010,birtokol,birtokol,validate
hun,1011,vesz,vɛs,validate
hun,1011,megvesz,mɛɡvɛs,validate
hun,1012,elad,ɛlɒd,validate
hun,1013,fizet,fizɛt,validate
hun,1013,kifizet,kifizɛt,validate
hun,1014,fizet,fizɛt,validate
hun,1014,megfizet,mɛɡfizɛt,validate
hun,1015,ural,urɒl,validate
hun,1016,elbír,ɛlbiːr,validate
hun,1016,elvisel,ɛlviʃɛl,validate
